id,name,version,bundle_id,created_at,updated_at
1,Konklab,1.05,com.disqus.Tempsoft,3/3/2021,12/23/2020
2,Tempsoft,3.3,com.ihg.Transcof,12/6/2020,4/26/2021
3,Toughjoyfax,3.47,nl.google.Prodder,11/20/2020,4/10/2021
4,Job,9.3.6,com.over-blog.Tresom,9/23/2020,5/7/2021
5,Tampflex,2.3.3,fr.unblog.Lotstring,4/6/2021,3/1/2021
6,Konklab,1.0.7,jp.ne.goo.Aerified,3/25/2021,8/24/2020
7,It,5.87,com.canalblog.Stringtough,7/18/2021,2/26/2021
8,Zoolab,8.5,com.digg.Zaam-Dox,10/13/2020,2/14/2021
9,Lotlux,6.3,com.newyorker.Tampflex,9/3/2020,10/12/2020
10,Ventosanzap,0.77,es.google.Zamit,11/18/2020,6/19/2021
11,Ventosanzap,0.1.7,co.g.Greenlam,1/24/2021,11/4/2020
12,Alpha,0.13,com.webmd.Lotlux,12/24/2020,3/1/2021
13,Tresom,4.9.0,com.hexun.Tresom,4/29/2021,5/21/2021
14,Bamity,1.1,com.time.Regrant,7/26/2020,2/19/2021
15,Ventosanzap,4.3,com.nymag.Gembucket,6/22/2021,12/1/2020
16,Stim,8.7.1,com.opera.Bitchip,1/20/2021,3/18/2021
17,Alpha,0.78,com.eventbrite.Biodex,2/15/2021,12/11/2020
18,Job,9.73,com.geocities.Redhold,9/15/2020,8/16/2020
19,Solarbreeze,0.43,com.biblegateway.Redhold,2/11/2021,5/28/2021
20,Wrapsafe,4.16,cz.phoca.Duobam,9/27/2020,8/30/2020
21,Latlux,0.6.4,com.wsj.Gembucket,7/23/2020,5/28/2021
22,Kanlam,3.84,cn.360.Tres-Zap,11/16/2020,4/17/2021
23,Y-find,3.1,com.wired.Voyatouch,1/6/2021,5/26/2021
24,Opela,2.59,com.yellowbook.Flowdesk,1/15/2021,2/12/2021
25,Toughjoyfax,4.5.0,com.friendfeed.Wrapsafe,7/14/2021,3/26/2021
26,Sonsing,8.7,com.geocities.Daltfresh,12/8/2020,7/10/2021
27,Temp,2.7,com.yolasite.Konklab,7/2/2021,9/13/2020
28,Tres-Zap,7.1.6,com.cnbc.Regrant,1/26/2021,8/17/2020
29,Viva,4.3,com.salon.Fixflex,4/18/2021,10/18/2020
30,Zoolab,0.6.1,com.weibo.Tampflex,7/31/2020,5/20/2021
31,Namfix,7.7,jp.jugem.Gembucket,1/30/2021,12/8/2020
32,Zathin,2.82,com.typepad.Matsoft,3/22/2021,7/4/2021
33,Zoolab,1.5.3,com.photobucket.Zontrax,6/25/2021,9/13/2020
34,Mat Lam Tam,0.4.0,com.delicious.Fixflex,7/3/2021,7/28/2020
35,Lotlux,9.7.1,com.jigsy.Duobam,5/18/2021,12/12/2020
36,Kanlam,0.4.9,com.biblegateway.Fix San,2/4/2021,9/6/2020
37,Gembucket,1.4,com.feedburner.Wrapsafe,3/13/2021,7/8/2021
38,Pannier,1.3.8,com.sciencedaily.Pannier,8/21/2020,5/10/2021
39,Y-find,7.5.5,com.cnbc.Ventosanzap,9/5/2020,8/13/2020
40,Daltfresh,5.1.5,org.bbb.Flexidy,10/29/2020,11/20/2020
41,Zaam-Dox,4.55,com.paypal.Veribet,3/7/2021,10/17/2020
42,Pannier,3.7,org.altervista.Matsoft,8/12/2020,9/21/2020
43,Lotlux,3.14,com.printfriendly.Zathin,7/15/2021,2/17/2021
44,Cardguard,1.3,cn.com.people.Hatity,10/24/2020,7/16/2021
45,Transcof,0.8.3,com.instagram.Zathin,2/6/2021,3/11/2021
46,Wrapsafe,6.0,com.mediafire.Y-find,8/20/2020,6/28/2021
47,Toughjoyfax,4.03,com.ning.Konklux,10/14/2020,9/1/2020
48,Sub-Ex,3.24,org.drupal.Konklab,1/7/2021,7/16/2021
49,Ronstring,5.6,edu.ucsd.Job,10/2/2020,2/24/2021
50,Kanlam,4.65,com.cisco.Fixflex,1/20/2021,2/1/2021
51,Aerified,0.77,com.sbwire.Wrapsafe,9/20/2020,11/23/2020
52,Tres-Zap,1.0.9,com.kickstarter.Latlux,7/8/2021,7/12/2021
53,Holdlamis,1.33,com.canalblog.Konklux,7/14/2021,3/8/2021
54,Job,0.93,com.cnn.Toughjoyfax,11/16/2020,12/31/2020
55,Prodder,0.44,edu.columbia.Zontrax,8/14/2020,6/27/2021
56,Stim,2.27,uk.co.google.Fixflex,12/7/2020,1/11/2021
57,Bitwolf,8.8,gd.is.Subin,6/20/2021,7/5/2021
58,Pannier,0.54,com.blogtalkradio.Viva,9/28/2020,11/21/2020
59,Vagram,0.5.8,net.seesaa.Daltfresh,10/25/2020,10/9/2020
60,Y-find,0.51,jp.japanpost.Tampflex,1/23/2021,11/6/2020
61,Bigtax,1.7,gov.census.Y-Solowarm,12/6/2020,5/18/2021
62,Hatity,0.8.1,com.tripadvisor.Wrapsafe,8/2/2020,6/19/2021
63,Latlux,0.25,com.smugmug.Latlux,2/23/2021,11/10/2020
64,Bamity,0.85,au.gov.privacy.Subin,1/7/2021,3/21/2021
65,Alphazap,2.4,com.wordpress.Holdlamis,4/19/2021,10/4/2020
66,Zaam-Dox,1.0,com.imdb.Stronghold,11/6/2020,7/29/2020
67,Matsoft,9.7.9,int.who.Wrapsafe,12/25/2020,12/25/2020
68,Ronstring,0.2.1,gov.hhs.Transcof,1/12/2021,2/13/2021
69,Alphazap,3.12,com.msn.Latlux,12/5/2020,5/7/2021
70,Andalax,0.73,com.intel.Pannier,10/16/2020,1/23/2021
71,Zoolab,5.5.9,com.vimeo.Greenlam,7/11/2021,2/20/2021
72,Ronstring,0.9.7,jp.shop-pro.Fixflex,9/7/2020,10/12/2020
73,Holdlamis,1.7.7,com.sciencedaily.Domainer,12/21/2020,1/29/2021
74,Alpha,6.83,com.youtube.Treeflex,7/11/2021,1/2/2021
75,Veribet,4.9,org.wordpress.Y-find,9/7/2020,11/3/2020
76,Stringtough,0.96,com.hubpages.Overhold,7/8/2021,2/28/2021
77,Toughjoyfax,0.38,jp.or.plala.Cardify,4/7/2021,11/13/2020
78,Flowdesk,5.9.8,au.com.google.Zamit,8/10/2020,6/4/2021
79,Stim,1.85,gov.noaa.Treeflex,5/3/2021,9/6/2020
80,Opela,7.96,com.wunderground.Zathin,11/29/2020,3/17/2021
81,Cardify,0.18,com.imdb.Subin,1/13/2021,11/6/2020
82,Keylex,0.91,edu.tamu.Sonsing,3/30/2021,7/1/2021
83,Sonair,9.8.3,com.blogspot.Tresom,4/12/2021,10/22/2020
84,Ventosanzap,0.5.1,com.cdbaby.Gembucket,5/14/2021,6/10/2021
85,Toughjoyfax,6.17,com.eventbrite.Overhold,10/27/2020,10/22/2020
86,Matsoft,7.5.1,com.sohu.Vagram,10/4/2020,7/23/2020
87,Tresom,1.14,com.forbes.Matsoft,1/15/2021,3/18/2021
88,Otcom,4.2.4,com.usatoday.Flowdesk,4/17/2021,4/13/2021
89,Bamity,2.6,com.typepad.Konklux,5/22/2021,10/10/2020
90,Bamity,5.35,com.scientificamerican.Keylex,3/23/2021,7/16/2021
91,Opela,2.10,com.twitpic.Tresom,9/21/2020,9/15/2020
92,Sonair,0.13,com.answers.Mat Lam Tam,1/8/2021,8/21/2020
93,Mat Lam Tam,0.4.0,com.etsy.Fix San,2/6/2021,5/21/2021
94,Fixflex,0.2.6,org.dmoz.Prodder,7/30/2020,3/29/2021
95,Tres-Zap,0.91,com.ask.Redhold,8/31/2020,9/20/2020
96,Job,0.2.7,com.mysql.Konklab,5/15/2021,2/6/2021
97,Biodex,0.48,it.tuttocitta.Stim,9/25/2020,3/13/2021
98,Zamit,4.4.8,ch.admin.Mat Lam Tam,3/4/2021,12/1/2020
99,Veribet,0.4.5,com.cafepress.Y-Solowarm,2/28/2021,1/5/2021
100,Cardify,3.2.7,cz.mapy.Home Ing,4/25/2021,8/6/2020
101,Domainer,6.53,vu.de.Tin,11/23/2020,8/19/2020
102,Domainer,0.5.5,com.mediafire.Bitwolf,10/12/2020,4/13/2021
103,Stronghold,0.5.6,ru.mail.Tempsoft,7/8/2021,6/22/2021
104,Tempsoft,0.25,org.un.Sonair,4/30/2021,8/5/2020
105,Job,8.81,com.technorati.Asoka,4/6/2021,10/4/2020
106,Zoolab,8.09,com.mapquest.Stronghold,10/30/2020,11/20/2020
107,Treeflex,4.1.3,gov.irs.Wrapsafe,10/7/2020,6/18/2021
108,Sub-Ex,0.60,com.time.Home Ing,2/2/2021,3/20/2021
109,Subin,5.13,com.marriott.Daltfresh,7/14/2021,8/21/2020
110,Biodex,0.8.5,com.trellian.Daltfresh,4/15/2021,5/19/2021
111,Ronstring,4.43,com.fc2.Flowdesk,3/20/2021,2/21/2021
112,Stringtough,0.5.8,jp.co.google.Zaam-Dox,4/6/2021,2/12/2021
113,Daltfresh,4.94,com.mediafire.Zontrax,12/22/2020,4/14/2021
114,Tres-Zap,0.2.2,gov.hud.Tempsoft,10/25/2020,11/2/2020
115,Sonair,7.8,com.theguardian.Solarbreeze,8/24/2020,12/18/2020
116,Holdlamis,8.0,gov.nih.Sonair,3/30/2021,6/21/2021
117,Span,7.28,com.taobao.Zoolab,12/3/2020,9/6/2020
118,It,0.25,com.prnewswire.Aerified,9/1/2020,6/30/2021
119,Ronstring,2.72,com.163.Tampflex,1/5/2021,4/5/2021
120,Solarbreeze,0.2.3,edu.harvard.Fintone,8/5/2020,11/6/2020
121,Fixflex,5.06,com.tinyurl.Bitwolf,10/31/2020,3/7/2021
122,Fix San,5.5,de.google.Biodex,10/7/2020,7/10/2021
123,Transcof,3.8.9,com.deliciousdays.Stringtough,7/28/2020,3/16/2021
124,Overhold,1.1.7,edu.washington.Stim,7/12/2021,11/22/2020
125,Toughjoyfax,2.87,com.linkedin.Alpha,7/27/2020,6/21/2021
126,Kanlam,0.2.9,gl.goo.Voltsillam,11/22/2020,5/3/2021
127,Stronghold,0.9.3,uk.co.google.Andalax,9/30/2020,3/15/2021
128,Voyatouch,3.43,org.pbs.Bigtax,5/25/2021,5/21/2021
129,Trippledex,4.6.1,com.wikia.Matsoft,6/20/2021,12/4/2020
130,Tresom,8.5,com.scribd.Holdlamis,5/15/2021,4/2/2021
131,Hatity,1.2,com.surveymonkey.Gembucket,4/26/2021,1/30/2021
132,Bytecard,7.1.8,jp.ne.goo.Trippledex,2/25/2021,1/21/2021
133,Konklux,9.7,com.hibu.Alpha,5/31/2021,7/21/2021
134,Transcof,0.28,com.bigcartel.Treeflex,7/29/2020,12/19/2020
135,Fixflex,0.12,uk.co.thetimes.Zontrax,1/14/2021,12/12/2020
136,Tres-Zap,8.59,com.bloglines.Zoolab,11/27/2020,4/29/2021
137,Regrant,0.7.1,com.mtv.Asoka,9/24/2020,3/12/2021
138,Stim,8.1,com.trellian.Toughjoyfax,2/6/2021,5/13/2021
139,Veribet,1.1,ru.mail.Hatity,7/21/2020,9/17/2020
140,Hatity,0.9.9,gov.loc.Zontrax,6/20/2021,8/4/2020
141,Overhold,1.72,com.yellowbook.Fintone,7/1/2021,11/3/2020
142,Trippledex,5.4,uk.co.timesonline.Tres-Zap,9/11/2020,11/6/2020
143,Span,1.97,com.mtv.Ronstring,2/6/2021,5/7/2021
144,Viva,4.3,br.com.google.Sub-Ex,10/16/2020,4/9/2021
145,Ronstring,8.7,com.comsenz.Zontrax,3/19/2021,10/15/2020
146,Zathin,4.3,com.adobe.Konklux,2/27/2021,5/7/2021
147,Toughjoyfax,3.86,com.elpais.Treeflex,1/5/2021,3/9/2021
148,Greenlam,7.7,com.parallels.Fix San,1/19/2021,1/13/2021
149,Job,2.1.4,com.zimbio.Alpha,12/7/2020,5/22/2021
150,Flexidy,0.89,com.csmonitor.Treeflex,2/1/2021,8/16/2020
151,Fix San,4.2,uk.ac.cam.Biodex,10/17/2020,7/9/2021
152,Voyatouch,8.42,com.vinaora.Voltsillam,7/5/2021,11/21/2020
153,Fix San,6.3,com.sbwire.Bigtax,11/6/2020,4/19/2021
154,Fix San,7.67,uk.co.independent.Span,7/24/2020,4/6/2021
155,Regrant,7.43,com.sun.Job,12/10/2020,7/30/2020
156,Span,9.6,cn.gov.miitbeian.Domainer,10/23/2020,8/30/2020
157,Stim,0.3.7,com.linkedin.Bigtax,4/18/2021,9/29/2020
158,Regrant,0.1.0,com.taobao.Holdlamis,11/12/2020,4/10/2021
159,Regrant,0.7.6,org.gmpg.Bamity,8/7/2020,4/6/2021
160,Flexidy,0.38,com.alexa.Mat Lam Tam,2/10/2021,11/29/2020
161,Flexidy,5.3.2,com.weebly.Vagram,10/6/2020,5/11/2021
162,Toughjoyfax,0.1.4,com.devhub.Y-find,2/19/2021,1/24/2021
163,Biodex,5.97,com.cloudflare.Ronstring,1/5/2021,9/7/2020
164,Toughjoyfax,0.7.6,com.cafepress.Latlux,5/4/2021,2/4/2021
165,Bigtax,1.5.7,io.github.Lotlux,7/27/2020,7/6/2021
166,Flowdesk,9.2.1,ca.google.Domainer,1/1/2021,12/23/2020
167,Tresom,0.9.9,com.bloomberg.Voyatouch,11/2/2020,4/2/2021
168,Zoolab,5.2,com.trellian.Flexidy,6/30/2021,7/9/2021
169,Sonair,0.20,gov.ca.Span,5/7/2021,6/29/2021
170,Toughjoyfax,4.1,jp.exblog.Veribet,6/25/2021,7/1/2021
171,Overhold,9.5,com.reverbnation.Hatity,10/29/2020,10/6/2020
172,Solarbreeze,0.30,org.npr.Opela,9/9/2020,1/7/2021
173,Keylex,0.42,org.wordpress.Andalax,10/26/2020,3/23/2021
174,Mat Lam Tam,3.13,com.amazonaws.Keylex,6/22/2021,5/31/2021
175,Bigtax,0.10,com.nytimes.Bamity,3/5/2021,9/17/2020
176,Home Ing,7.1,gov.va.Zontrax,6/8/2021,4/18/2021
177,Trippledex,5.70,ca.cbc.Redhold,7/14/2021,5/8/2021
178,Fintone,8.65,com.issuu.Fintone,2/17/2021,10/21/2020
179,Cardguard,1.64,com.time.Sonsing,7/25/2020,11/18/2020
180,Tampflex,5.1.9,eu.europa.Stim,12/5/2020,10/3/2020
181,Fintone,0.63,com.nymag.Andalax,12/6/2020,5/14/2021
182,Trippledex,4.88,au.gov.privacy.Sonsing,2/12/2021,5/12/2021
183,Domainer,9.5,ru.google.Aerified,2/4/2021,4/5/2021
184,Tampflex,9.4.3,com.about.Flowdesk,9/1/2020,12/27/2020
185,Quo Lux,0.5.4,gl.goo.Biodex,8/3/2020,1/29/2021
186,Tres-Zap,0.6.0,com.reddit.Cardify,4/16/2021,7/10/2021
187,Andalax,1.89,com.netlog.Cardguard,8/16/2020,11/6/2020
188,Zoolab,1.6,com.ifeng.It,6/11/2021,7/28/2020
189,Keylex,8.52,de.google.Kanlam,9/16/2020,10/27/2020
190,Flexidy,0.7.9,net.a8.Gembucket,6/17/2021,6/8/2021
191,Pannier,0.8.0,int.who.Home Ing,4/11/2021,1/17/2021
192,Prodder,0.18,com.techcrunch.Pannier,7/4/2021,5/1/2021
193,Regrant,3.6.0,com.businessweek.Matsoft,3/23/2021,4/22/2021
194,Namfix,4.5.2,gov.state.Latlux,10/11/2020,3/21/2021
195,Y-find,5.64,com.shinystat.Ventosanzap,3/31/2021,1/10/2021
196,Zontrax,6.23,eu.europa.Sonair,6/11/2021,8/13/2020
197,Viva,7.59,gov.house.Prodder,3/20/2021,3/18/2021
198,Otcom,0.89,cn.desdev.Sonsing,1/13/2021,5/5/2021
199,Flexidy,0.8.1,de.spiegel.Flexidy,1/29/2021,7/28/2020
200,Duobam,0.7.9,edu.cmu.Fix San,8/29/2020,9/11/2020
